,Pregunta,Consulta,Tabla,Valores,Categoría
157,¿Cuáles son los contratos de la región de Lanzarote?,SELECT * FROM expedientes JOIN entidades ON expedientes.party_nif = entidades.nif JOIN regiones ON entidades.party_subentity_code = regiones.country_subentity_code WHERE regiones.country_subentity_name = 'Lanzarote';,expedientes,{'region': 'Lanzarote'},region
341,Licitaciones en Galicia,SELECT * FROM expedientes JOIN entidades ON expedientes.party_nif = entidades.nif JOIN regiones ON entidades.party_subentity_code = regiones.country_subentity_code WHERE regiones.country_subentity_name = 'Galicia';,expedientes,{'region': 'Galicia'},region
315,Busco todas las licitaciones en Badajoz.,SELECT * FROM expedientes JOIN entidades ON expedientes.party_nif = entidades.nif JOIN regiones ON entidades.party_subentity_code = regiones.country_subentity_code WHERE regiones.country_subentity_name = 'Badajoz';,expedientes,{'region': 'Badajoz'},region
234,Contratos de Huelva.,SELECT * FROM expedientes JOIN entidades ON expedientes.party_nif = entidades.nif JOIN regiones ON entidades.party_subentity_code = regiones.country_subentity_code WHERE regiones.country_subentity_name = 'Huelva';,expedientes,{'region': 'Huelva'},region
155,¿Cuáles son los contratos de la región de Gipuzkoa?,SELECT * FROM expedientes JOIN entidades ON expedientes.party_nif = entidades.nif JOIN regiones ON entidades.party_subentity_code = regiones.country_subentity_code WHERE regiones.country_subentity_name = 'Gipuzkoa';,expedientes,{'region': 'Gipuzkoa'},region
274,¿Cuáles son las licitaciones de la región de Cataluña?,SELECT * FROM expedientes JOIN entidades ON expedientes.party_nif = entidades.nif JOIN regiones ON entidades.party_subentity_code = regiones.country_subentity_code WHERE regiones.country_subentity_name = 'Cataluña';,expedientes,{'region': 'Cataluña'},region
9257,"Lista todos los contratos de tipo privado, que se encuentren en evaluación, de la Consejería de Educación, Formación Profesional y Turismo del Gobierno de Cantabria, por debajo de 397000€.","SELECT * FROM expedientes JOIN entidades ON expedientes.party_nif = entidades.nif WHERE entidades.name = 'Consejería de Educación, Formación Profesional y Turismo del Gobierno de Cantabria' AND expedientes.procurement_project_type_code = 'Privado' AND expedientes.contract_folder_status = 'En evaluación' AND expedientes.total_amount < 397000;",expedientes,"{'tipo': 'Privado', 'estado': 'En evaluación', 'entidad': 'Consejería de Educación, Formación Profesional y Turismo del Gobierno de Cantabria', 'cuantia': 397000}",entidad_tipo_estado_cuantia_inferior
9441,"Muestra las licitaciones de obras para el Instituto Cántabro de Estadística, en estado resuelto, y un coste inferior a 206000€.",SELECT * FROM expedientes JOIN entidades ON expedientes.party_nif = entidades.nif WHERE entidades.name = 'Instituto Cántabro de Estadística' AND expedientes.procurement_project_type_code = 'Obras' AND expedientes.contract_folder_status = 'Resuelto' AND expedientes.total_amount < 206000;,expedientes,"{'tipo': 'Obras', 'entidad': 'Instituto Cántabro de Estadística', 'estado': 'Resuelto', 'cuantia': 206000}",entidad_tipo_estado_cuantia_inferior
9415,Enseña las licitaciones en anuncio previo de suministros para la Junta de Gobierno Local del Ayuntamiento de Sada por debajo de 884000€.,SELECT * FROM expedientes JOIN entidades ON expedientes.party_nif = entidades.nif WHERE entidades.name = 'Junta de Gobierno Local del Ayuntamiento de Sada' AND expedientes.procurement_project_type_code = 'Suministros' AND expedientes.contract_folder_status = 'Anuncio Previo' AND expedientes.total_amount < 884000;,expedientes,"{'estado': 'Anuncio Previo', 'tipo': 'Suministros', 'entidad': 'Junta de Gobierno Local del Ayuntamiento de Sada', 'cuantia': 884000}",entidad_tipo_estado_cuantia_inferior
9334,"Contratos de patrimonial, en estado anuncio Previo, para Aena. Dirección de Contratación, cuyo importe esté por debajo de 41000€, ¿qué opciones hay?",SELECT * FROM expedientes JOIN entidades ON expedientes.party_nif = entidades.nif WHERE entidades.name = 'Aena. Dirección de Contratación' AND expedientes.procurement_project_type_code = 'Patrimonial' AND expedientes.contract_folder_status = 'Anuncio Previo' AND expedientes.total_amount < 41000;,expedientes,"{'tipo': 'Patrimonial', 'estado': 'Anuncio Previo', 'entidad': 'Aena. Dirección de Contratación', 'cuantia': 41000}",entidad_tipo_estado_cuantia_inferior
9255,"Lista todos los contratos de obras, que se hayen en evaluación, en Alcaldía del Ayuntamiento de Villanueva de San Juan, por debajo de 109000€.",SELECT * FROM expedientes JOIN entidades ON expedientes.party_nif = entidades.nif WHERE entidades.name = 'Alcaldía del Ayuntamiento de Villanueva de San Juan' AND expedientes.procurement_project_type_code = 'Obras' AND expedientes.contract_folder_status = 'En evaluación' AND expedientes.total_amount < 109000;,expedientes,"{'tipo': 'Obras', 'estado': 'En evaluación', 'entidad': 'Alcaldía del Ayuntamiento de Villanueva de San Juan', 'cuantia': 109000}",entidad_tipo_estado_cuantia_inferior
9374,"Quiero ver todas las licitaciones de concesión de servicios para el Rectorado de la Universidad de Córdoba, anuncio previo, que no rebasen 359000€.",SELECT * FROM expedientes JOIN entidades ON expedientes.party_nif = entidades.nif WHERE entidades.name = 'Rectorado de la Universidad de Córdoba' AND expedientes.procurement_project_type_code = 'Concesión de Servicios' AND expedientes.contract_folder_status = 'Anuncio Previo' AND expedientes.total_amount < 359000;,expedientes,"{'tipo': 'Concesión de Servicios', 'entidad': 'Rectorado de la Universidad de Córdoba', 'estado': 'Anuncio Previo', 'cuantia': 359000}",entidad_tipo_estado_cuantia_inferior
7157,Lista todos los contratos de la Alcaldia del Ayuntamiento de Moralzarzal que superen los 504000€.,SELECT * FROM expedientes JOIN entidades ON expedientes.party_nif = entidades.nif WHERE entidades.name = 'Alcaldia del Ayuntamiento de Moralzarzal' AND expedientes.total_amount > 504000;,expedientes,"{'entidad': 'Alcaldia del Ayuntamiento de Moralzarzal', 'cuantia': 504000}",entidad_cuantia_superior
7341,"Muestra las licitaciones registradas para Paradores de Turismo de España, S.M.E., S.A. con un importe mayor a 906000€.","SELECT * FROM expedientes JOIN entidades ON expedientes.party_nif = entidades.nif WHERE entidades.name = 'Paradores de Turismo de España, S.M.E., S.A.' AND expedientes.total_amount > 906000;",expedientes,"{'entidad': 'Paradores de Turismo de España, S.M.E., S.A.', 'cuantia': 906000}",entidad_cuantia_superior
7315,Filtra en Rectorado de la Universidad de Málaga las licitaciones con un importe mayor a 121000€.,SELECT * FROM expedientes JOIN entidades ON expedientes.party_nif = entidades.nif WHERE entidades.name = 'Rectorado de la Universidad de Málaga' AND expedientes.total_amount > 121000;,expedientes,"{'entidad': 'Rectorado de la Universidad de Málaga', 'cuantia': 121000}",entidad_cuantia_superior
7234,"Contratos de la Presidencia de la Mancomunitat de les Valls por encima de 959000€, ¿qué opciones hay?",SELECT * FROM expedientes JOIN entidades ON expedientes.party_nif = entidades.nif WHERE entidades.name = 'Presidencia de la Mancomunitat de les Valls' AND expedientes.total_amount > 959000;,expedientes,"{'entidad': 'Presidencia de la Mancomunitat de les Valls', 'cuantia': 959000}",entidad_cuantia_superior
7155,"Lista todos los contratos del Consejo de Administración de la Sociedad Municipal Aguas de Burgos, S.A. que superen los 722000€.","SELECT * FROM expedientes JOIN entidades ON expedientes.party_nif = entidades.nif WHERE entidades.name = 'Consejo de Administración de la Sociedad Municipal Aguas de Burgos, S.A.' AND expedientes.total_amount > 722000;",expedientes,"{'entidad': 'Consejo de Administración de la Sociedad Municipal Aguas de Burgos, S.A.', 'cuantia': 722000}",entidad_cuantia_superior
7274,Quiero ver todas las licitaciones disponibles para la Junta de Gobierno del Ayuntamiento de Santa Pola por encima de 590000€.,SELECT * FROM expedientes JOIN entidades ON expedientes.party_nif = entidades.nif WHERE entidades.name = 'Junta de Gobierno del Ayuntamiento de Santa Pola' AND expedientes.total_amount > 590000;,expedientes,"{'entidad': 'Junta de Gobierno del Ayuntamiento de Santa Pola', 'cuantia': 590000}",entidad_cuantia_superior
7507,Lista todos los contratos de gestión de servicios públicos que lleva la Alcaldia del Ayuntamiento de Ontinyent y se encuentren adjudicados.,SELECT * FROM expedientes JOIN entidades ON expedientes.party_nif = entidades.nif WHERE entidades.name = 'Alcaldia del Ayuntamiento de Ontinyent' AND expedientes.procurement_project_type_code = 'Gestión de Servicios Públicos' AND expedientes.contract_folder_status = 'Adjudicado';,expedientes,"{'tipo': 'Gestión de Servicios Públicos', 'entidad': 'Alcaldia del Ayuntamiento de Ontinyent', 'estado': 'Adjudicado'}",entidad_tipo_estado
7691,"¿Cuántas licitaciones de concesión de servicios, resueltas, hay ahora mismo en Gerencia Calviá?",SELECT * FROM expedientes JOIN entidades ON expedientes.party_nif = entidades.nif WHERE entidades.name = 'Gerencia Calviá' AND expedientes.procurement_project_type_code = 'Concesión de Servicios' AND expedientes.contract_folder_status = 'Resuelto';,expedientes,"{'tipo': 'Concesión de Servicios', 'estado': 'Resuelto', 'entidad': 'Gerencia Calviá'}",entidad_tipo_estado
7665,"Enseña las licitaciones en evaluación de patrimonial que correspondan a Consejo de Administración de la Sociedad Municipal Aguas de Burgos, S.A..","SELECT * FROM expedientes JOIN entidades ON expedientes.party_nif = entidades.nif WHERE entidades.name = 'Consejo de Administración de la Sociedad Municipal Aguas de Burgos, S.A.' AND expedientes.procurement_project_type_code = 'Patrimonial' AND expedientes.contract_folder_status = 'En evaluación';",expedientes,"{'estado': 'En evaluación', 'tipo': 'Patrimonial', 'entidad': 'Consejo de Administración de la Sociedad Municipal Aguas de Burgos, S.A.'}",entidad_tipo_estado
7584,"Contratos de servicios, resueltos, que lleve la Jefatura de Asuntos Económicos de la Fuerza Terrestre, ¿me los muestras?",SELECT * FROM expedientes JOIN entidades ON expedientes.party_nif = entidades.nif WHERE entidades.name = 'Jefatura de Asuntos Económicos de la Fuerza Terrestre' AND expedientes.procurement_project_type_code = 'Servicios' AND expedientes.contract_folder_status = 'Resuelto';,expedientes,"{'tipo': 'Servicios', 'estado': 'Resuelto', 'entidad': 'Jefatura de Asuntos Económicos de la Fuerza Terrestre'}",entidad_tipo_estado
7505,Lista todos los contratos de patrimonial que lleva la Alcaldia del Ayuntamiento de Vallehermoso y se encuentren en evaluación.,SELECT * FROM expedientes JOIN entidades ON expedientes.party_nif = entidades.nif WHERE entidades.name = 'Alcaldia del Ayuntamiento de Vallehermoso' AND expedientes.procurement_project_type_code = 'Patrimonial' AND expedientes.contract_folder_status = 'En evaluación';,expedientes,"{'tipo': 'Patrimonial', 'entidad': 'Alcaldia del Ayuntamiento de Vallehermoso', 'estado': 'En evaluación'}",entidad_tipo_estado
7624,"Quiero ver todas las licitaciones de patrimonial de Consejo de Administración de Aguas de las Cuencas Mediterráneas, S.M.E., S.A. (ACUAMED) que estén ahora mismo publicados.","SELECT * FROM expedientes JOIN entidades ON expedientes.party_nif = entidades.nif WHERE entidades.name = 'Consejo de Administración de Aguas de las Cuencas Mediterráneas, S.M.E., S.A. (ACUAMED)' AND expedientes.procurement_project_type_code = 'Patrimonial' AND expedientes.contract_folder_status = 'Publicado';",expedientes,"{'tipo': 'Patrimonial', 'entidad': 'Consejo de Administración de Aguas de las Cuencas Mediterráneas, S.M.E., S.A. (ACUAMED)', 'estado': 'Publicado'}",entidad_tipo_estado
7857,Lista todos los contratos de gestión de servicios públicos en Vicepresidente de la Comunitat Valenciana Auditorio de la Diputación de Alicante ADDA que no superen 53000€.,SELECT * FROM expedientes JOIN entidades ON expedientes.party_nif = entidades.nif WHERE entidades.name = 'Vicepresidente de la Comunitat Valenciana Auditorio de la Diputación de Alicante ADDA' AND expedientes.procurement_project_type_code = 'Gestión de Servicios Públicos' AND expedientes.total_amount < 53000;,expedientes,"{'tipo': 'Gestión de Servicios Públicos', 'entidad': 'Vicepresidente de la Comunitat Valenciana Auditorio de la Diputación de Alicante ADDA', 'cuantia': 53000}",entidad_tipo_cuantia_inferior
8041,¿Cuántas licitaciones de obras hay en Rectorado de la Universidad Politécnica de Madrid con cuantía inferior a 884000€?,SELECT * FROM expedientes JOIN entidades ON expedientes.party_nif = entidades.nif WHERE entidades.name = 'Rectorado de la Universidad Politécnica de Madrid' AND expedientes.procurement_project_type_code = 'Obras' AND expedientes.total_amount < 884000;,expedientes,"{'tipo': 'Obras', 'entidad': 'Rectorado de la Universidad Politécnica de Madrid', 'cuantia': 884000}",entidad_tipo_cuantia_inferior
8015,Enseña las licitaciones de gestión de servicios públicos de la Alcaldía del Ayuntamiento de Jaén con importes inferiores a 63000€.,SELECT * FROM expedientes JOIN entidades ON expedientes.party_nif = entidades.nif WHERE entidades.name = 'Alcaldía del Ayuntamiento de Jaén' AND expedientes.procurement_project_type_code = 'Gestión de Servicios Públicos' AND expedientes.total_amount < 63000;,expedientes,"{'tipo': 'Gestión de Servicios Públicos', 'entidad': 'Alcaldía del Ayuntamiento de Jaén', 'cuantia': 63000}",entidad_tipo_cuantia_inferior
7934,¿Podrías indicarme todos los contratos de servicios en Junta de Gobierno del Ayuntamiento de Alcoy que no superen 899000€?,SELECT * FROM expedientes JOIN entidades ON expedientes.party_nif = entidades.nif WHERE entidades.name = 'Junta de Gobierno del Ayuntamiento de Alcoy' AND expedientes.procurement_project_type_code = 'Servicios' AND expedientes.total_amount < 899000;,expedientes,"{'tipo': 'Servicios', 'entidad': 'Junta de Gobierno del Ayuntamiento de Alcoy', 'cuantia': 899000}",entidad_tipo_cuantia_inferior
7855,Lista todos los contratos de servicios en Dirección Gerencia de la Agencia del Agua de Castilla-La Mancha que no superen 347000€.,SELECT * FROM expedientes JOIN entidades ON expedientes.party_nif = entidades.nif WHERE entidades.name = 'Dirección Gerencia de la Agencia del Agua de Castilla-La Mancha' AND expedientes.procurement_project_type_code = 'Servicios' AND expedientes.total_amount < 347000;,expedientes,"{'tipo': 'Servicios', 'entidad': 'Dirección Gerencia de la Agencia del Agua de Castilla-La Mancha', 'cuantia': 347000}",entidad_tipo_cuantia_inferior
7974,Quiero ver todas las licitaciones de servicios en Presidencia de la Diputación Provincial de Castellón que estén por debajo de 165000€.,SELECT * FROM expedientes JOIN entidades ON expedientes.party_nif = entidades.nif WHERE entidades.name = 'Presidencia de la Diputación Provincial de Castellón' AND expedientes.procurement_project_type_code = 'Servicios' AND expedientes.total_amount < 165000;,expedientes,"{'tipo': 'Servicios', 'entidad': 'Presidencia de la Diputación Provincial de Castellón', 'cuantia': 165000}",entidad_tipo_cuantia_inferior
8207,Lista todos los contratos de concesión de servicios en Junta de Gobierno local del Ayuntamiento de Villalbilla que superen 632000€.,SELECT * FROM expedientes JOIN entidades ON expedientes.party_nif = entidades.nif WHERE entidades.name = 'Junta de Gobierno local del Ayuntamiento de Villalbilla' AND expedientes.procurement_project_type_code = 'Concesión de Servicios' AND expedientes.total_amount > 632000;,expedientes,"{'tipo': 'Concesión de Servicios', 'entidad': 'Junta de Gobierno local del Ayuntamiento de Villalbilla', 'cuantia': 632000}",entidad_tipo_cuantia_superior
8391,¿Cuántas licitaciones de concesión de servicios hay en Dirección General de Medio Natural y Biodiversidad de la Junta de Comunidades de Castilla-La Mancha con cuantía superior a 109000€?,SELECT * FROM expedientes JOIN entidades ON expedientes.party_nif = entidades.nif WHERE entidades.name = 'Dirección General de Medio Natural y Biodiversidad de la Junta de Comunidades de Castilla-La Mancha' AND expedientes.procurement_project_type_code = 'Concesión de Servicios' AND expedientes.total_amount > 109000;,expedientes,"{'tipo': 'Concesión de Servicios', 'entidad': 'Dirección General de Medio Natural y Biodiversidad de la Junta de Comunidades de Castilla-La Mancha', 'cuantia': 109000}",entidad_tipo_cuantia_superior
8365,Enseña las licitaciones de suministros en Rectorado de la Universidad de Granada con importes superiores a 72000€.,SELECT * FROM expedientes JOIN entidades ON expedientes.party_nif = entidades.nif WHERE entidades.name = 'Rectorado de la Universidad de Granada' AND expedientes.procurement_project_type_code = 'Suministros' AND expedientes.total_amount > 72000;,expedientes,"{'tipo': 'Suministros', 'entidad': 'Rectorado de la Universidad de Granada', 'cuantia': 72000}",entidad_tipo_cuantia_superior
8284,¿Podrías indicarme todos los contratos de tipo privado del Pleno del Ayuntamiento de Oña que superen 590000€?,SELECT * FROM expedientes JOIN entidades ON expedientes.party_nif = entidades.nif WHERE entidades.name = 'Pleno del Ayuntamiento de Oña' AND expedientes.procurement_project_type_code = 'Privado' AND expedientes.total_amount > 590000;,expedientes,"{'tipo': 'Privado', 'entidad': 'Pleno del Ayuntamiento de Oña', 'cuantia': 590000}",entidad_tipo_cuantia_superior
8205,Lista todos los contratos de tipo privado en Alcalde Presidente del Ayuntamiento de Sobradiel que superen 479000€.,SELECT * FROM expedientes JOIN entidades ON expedientes.party_nif = entidades.nif WHERE entidades.name = 'Alcalde Presidente del Ayuntamiento de Sobradiel' AND expedientes.procurement_project_type_code = 'Privado' AND expedientes.total_amount > 479000;,expedientes,"{'tipo': 'Privado', 'entidad': 'Alcalde Presidente del Ayuntamiento de Sobradiel', 'cuantia': 479000}",entidad_tipo_cuantia_superior
8324,Quiero ver todas las licitaciones de concesión de servicios en Jefatura de Intendencia de Asuntos Económicos Este por encima de 596000€.,SELECT * FROM expedientes JOIN entidades ON expedientes.party_nif = entidades.nif WHERE entidades.name = 'Jefatura de Intendencia de Asuntos Económicos Este' AND expedientes.procurement_project_type_code = 'Concesión de Servicios' AND expedientes.total_amount > 596000;,expedientes,"{'tipo': 'Concesión de Servicios', 'entidad': 'Jefatura de Intendencia de Asuntos Económicos Este', 'cuantia': 596000}",entidad_tipo_cuantia_superior
8557,"Lista los contratos de Junta de Gobierno Local del Ayuntamiento de Fuente de Piedra, con estado en evaluación, por debajo de 918000€.",SELECT * FROM expedientes JOIN entidades ON expedientes.party_nif = entidades.nif WHERE entidades.name = 'Junta de Gobierno Local del Ayuntamiento de Fuente de Piedra' AND expedientes.contract_folder_status = 'En evaluación' AND expedientes.total_amount < 918000;,expedientes,"{'entidad': 'Junta de Gobierno Local del Ayuntamiento de Fuente de Piedra', 'estado': 'En evaluación', 'cuantia': 918000}",entidad_estado_cuantia_inferior
8741,¿Cuántas licitaciones adjudicadas hay en Junta de Gobierno del Ayuntamiento de Almería con cuantía inferior a 306000€?,SELECT * FROM expedientes JOIN entidades ON expedientes.party_nif = entidades.nif WHERE entidades.name = 'Junta de Gobierno del Ayuntamiento de Almería' AND expedientes.contract_folder_status = 'Adjudicado' AND expedientes.total_amount < 306000;,expedientes,"{'estado': 'Adjudicado', 'entidad': 'Junta de Gobierno del Ayuntamiento de Almería', 'cuantia': 306000}",entidad_estado_cuantia_inferior
8715,"Enseña las licitaciones adjudicadas de Presidencia del Consorcio para el Servicio de Prevención Extinción de Incendios, Protección Civil y Salvamento de la Provincia de Guadalajara por debajo de 435000€.","SELECT * FROM expedientes JOIN entidades ON expedientes.party_nif = entidades.nif WHERE entidades.name = 'Presidencia del Consorcio para el Servicio de Prevención Extinción de Incendios, Protección Civil y Salvamento de la Provincia de Guadalajara' AND expedientes.contract_folder_status = 'Adjudicado' AND expedientes.total_amount < 435000;",expedientes,"{'estado': 'Adjudicado', 'entidad': 'Presidencia del Consorcio para el Servicio de Prevención Extinción de Incendios, Protección Civil y Salvamento de la Provincia de Guadalajara', 'cuantia': 435000}",entidad_estado_cuantia_inferior
8634,"Contratos anuncio previo de Pleno del Ayuntamiento de Huesca, por debajo de 566000€, ¿qué opciones hay?",SELECT * FROM expedientes JOIN entidades ON expedientes.party_nif = entidades.nif WHERE entidades.name = 'Pleno del Ayuntamiento de Huesca' AND expedientes.contract_folder_status = 'Anuncio Previo' AND expedientes.total_amount < 566000;,expedientes,"{'estado': 'Anuncio Previo', 'entidad': 'Pleno del Ayuntamiento de Huesca', 'cuantia': 566000}",entidad_estado_cuantia_inferior
8555,"Lista los contratos de Junta de Gobierno de Redován, con estado adjudicado, por debajo de 165000€.",SELECT * FROM expedientes JOIN entidades ON expedientes.party_nif = entidades.nif WHERE entidades.name = 'Junta de Gobierno de Redován' AND expedientes.contract_folder_status = 'Adjudicado' AND expedientes.total_amount < 165000;,expedientes,"{'entidad': 'Junta de Gobierno de Redován', 'estado': 'Adjudicado', 'cuantia': 165000}",entidad_estado_cuantia_inferior
8674,"Quiero ver todas las licitaciones adjudicadas en Comisión Ejecutiva de Transportes Urbanos de Sevilla, SAM que no rebasen 757000€.","SELECT * FROM expedientes JOIN entidades ON expedientes.party_nif = entidades.nif WHERE entidades.name = 'Comisión Ejecutiva de Transportes Urbanos de Sevilla, SAM' AND expedientes.contract_folder_status = 'Adjudicado' AND expedientes.total_amount < 757000;",expedientes,"{'estado': 'Adjudicado', 'entidad': 'Comisión Ejecutiva de Transportes Urbanos de Sevilla, SAM', 'cuantia': 757000}",entidad_estado_cuantia_inferior
8907,"Lista los contratos de Presidencia de la Autoridad Portuaria de Huelva, con estado en evaluación, por encima de 590000€.",SELECT * FROM expedientes JOIN entidades ON expedientes.party_nif = entidades.nif WHERE entidades.name = 'Presidencia de la Autoridad Portuaria de Huelva' AND expedientes.contract_folder_status = 'En evaluación' AND expedientes.total_amount > 590000;,expedientes,"{'entidad': 'Presidencia de la Autoridad Portuaria de Huelva', 'estado': 'En evaluación', 'cuantia': 590000}",entidad_estado_cuantia_superior
9091,¿Cuántas licitaciones en evaluación hay en Consejo de Administración-Comité de Inversiones de la Sociedad Estatal Correos y Telégrafos S.A con cuantía superior a 844000€?,SELECT * FROM expedientes JOIN entidades ON expedientes.party_nif = entidades.nif WHERE entidades.name = 'Consejo de Administración-Comité de Inversiones de la Sociedad Estatal Correos y Telégrafos S.A' AND expedientes.contract_folder_status = 'En evaluación' AND expedientes.total_amount > 844000;,expedientes,"{'estado': 'En evaluación', 'entidad': 'Consejo de Administración-Comité de Inversiones de la Sociedad Estatal Correos y Telégrafos S.A', 'cuantia': 844000}",entidad_estado_cuantia_superior
9065,"Enseña las licitaciones adjudicado de Gerencia umivale Activa, Mutua Colaboradora con la Seguridad Social número por encima de 681000€.","SELECT * FROM expedientes JOIN entidades ON expedientes.party_nif = entidades.nif WHERE entidades.name = 'Gerencia umivale Activa, Mutua Colaboradora con la Seguridad Social número' AND expedientes.contract_folder_status = 'Adjudicado' AND expedientes.total_amount > 681000;",expedientes,"{'estado': 'Adjudicado', 'entidad': 'Gerencia umivale Activa, Mutua Colaboradora con la Seguridad Social número', 'cuantia': 681000}",entidad_estado_cuantia_superior
8984,"Contratos en anuncio previo de Pleno del Ayuntamiento de Navia, por encima de 459000€, ¿qué opciones hay?",SELECT * FROM expedientes JOIN entidades ON expedientes.party_nif = entidades.nif WHERE entidades.name = 'Pleno del Ayuntamiento de Navia' AND expedientes.contract_folder_status = 'Anuncio Previo' AND expedientes.total_amount > 459000;,expedientes,"{'estado': 'Anuncio Previo', 'entidad': 'Pleno del Ayuntamiento de Navia', 'cuantia': 459000}",entidad_estado_cuantia_superior
8905,"Lista los contratos de Rectorado de la Universidad Autónoma de Madrid, con estado en evaluación, por encima de 832000€.",SELECT * FROM expedientes JOIN entidades ON expedientes.party_nif = entidades.nif WHERE entidades.name = 'Rectorado de la Universidad Autónoma de Madrid' AND expedientes.contract_folder_status = 'En evaluación' AND expedientes.total_amount > 832000;,expedientes,"{'entidad': 'Rectorado de la Universidad Autónoma de Madrid', 'estado': 'En evaluación', 'cuantia': 832000}",entidad_estado_cuantia_superior
9024,Quiero ver todas las licitaciones resueltas en Concejalía Delegada de Contratación del Ayuntamiento de Puerto del Rosario que sobrepasen 82000€.,SELECT * FROM expedientes JOIN entidades ON expedientes.party_nif = entidades.nif WHERE entidades.name = 'Concejalía Delegada de Contratación del Ayuntamiento de Puerto del Rosario' AND expedientes.contract_folder_status = 'Resuelto' AND expedientes.total_amount > 82000;,expedientes,"{'estado': 'Resuelto', 'entidad': 'Concejalía Delegada de Contratación del Ayuntamiento de Puerto del Rosario', 'cuantia': 82000}",entidad_estado_cuantia_superior
9607,"Lista todos los contratos de concesión de servicios, en evaluación, en Alcaldía del Ayuntamiento de Alhama de Murcia, por encima de 629000€.",SELECT * FROM expedientes JOIN entidades ON expedientes.party_nif = entidades.nif WHERE entidades.name = 'Alcaldía del Ayuntamiento de Alhama de Murcia' AND expedientes.procurement_project_type_code = 'Concesión de Servicios' AND expedientes.contract_folder_status = 'En evaluación' AND expedientes.total_amount > 629000;,expedientes,"{'tipo': 'Concesión de Servicios', 'estado': 'En evaluación', 'entidad': 'Alcaldía del Ayuntamiento de Alhama de Murcia', 'cuantia': 629000}",entidad_tipo_estado_cuantia_superior
9791,"¿Cuántas licitaciones de tipo privado, en evaluación, hay en Comisión Ejecutiva de Transportes Urbanos de Sevilla, SAM con cuantía superior a 842000€?","SELECT * FROM expedientes JOIN entidades ON expedientes.party_nif = entidades.nif WHERE entidades.name = 'Comisión Ejecutiva de Transportes Urbanos de Sevilla, SAM' AND expedientes.procurement_project_type_code = 'Privado' AND expedientes.contract_folder_status = 'En evaluación' AND expedientes.total_amount > 842000;",expedientes,"{'tipo': 'Privado', 'estado': 'En evaluación', 'entidad': 'Comisión Ejecutiva de Transportes Urbanos de Sevilla, SAM', 'cuantia': 842000}",entidad_tipo_estado_cuantia_superior
9765,Enseña las licitaciones publicadas de servicios en la Alcaldía del Ayuntamiento de Oliva de la Frontera por encima de 597000€.,SELECT * FROM expedientes JOIN entidades ON expedientes.party_nif = entidades.nif WHERE entidades.name = 'Alcaldía del Ayuntamiento de Oliva de la Frontera' AND expedientes.procurement_project_type_code = 'Servicios' AND expedientes.contract_folder_status = 'Publicado' AND expedientes.total_amount > 597000;,expedientes,"{'estado': 'Publicado', 'tipo': 'Servicios', 'entidad': 'Alcaldía del Ayuntamiento de Oliva de la Frontera', 'cuantia': 597000}",entidad_tipo_estado_cuantia_superior
9684,"Contratos de servicios, anuncio previo, de la Alcaldía del Ayuntamiento de Montoro, cuyo importe esté por encima de 573000€, ¿qué opciones hay?",SELECT * FROM expedientes JOIN entidades ON expedientes.party_nif = entidades.nif WHERE entidades.name = 'Alcaldía del Ayuntamiento de Montoro' AND expedientes.procurement_project_type_code = 'Servicios' AND expedientes.contract_folder_status = 'Anuncio Previo' AND expedientes.total_amount > 573000;,expedientes,"{'tipo': 'Servicios', 'estado': 'Anuncio Previo', 'entidad': 'Alcaldía del Ayuntamiento de Montoro', 'cuantia': 573000}",entidad_tipo_estado_cuantia_superior
9605,"Lista todos los contratos de servicios, publicados, de la Jefatura de Intendencia de Asuntos Económicos Este, por encima de 353000€.",SELECT * FROM expedientes JOIN entidades ON expedientes.party_nif = entidades.nif WHERE entidades.name = 'Jefatura de Intendencia de Asuntos Económicos Este' AND expedientes.procurement_project_type_code = 'Servicios' AND expedientes.contract_folder_status = 'Publicado' AND expedientes.total_amount > 353000;,expedientes,"{'tipo': 'Servicios', 'estado': 'Publicado', 'entidad': 'Jefatura de Intendencia de Asuntos Económicos Este', 'cuantia': 353000}",entidad_tipo_estado_cuantia_superior
9724,"Quiero ver todas las licitaciones de servicios en Consejo de Administración de la Sociedad Mercantil Estatal de gestión Inmobiliaria de Patrimonio, M.P.S.A. (Segipsa), publicadas, que rebasen 722000€.","SELECT * FROM expedientes JOIN entidades ON expedientes.party_nif = entidades.nif WHERE entidades.name = 'Consejo de Administración de la Sociedad Mercantil Estatal de Gestión Inmobiliaria de Patrimonio, M.P.S.A. (Segipsa)' AND expedientes.procurement_project_type_code = 'Servicios' AND expedientes.contract_folder_status = 'Publicado' AND expedientes.total_amount > 722000;",expedientes,"{'tipo': 'Servicios', 'entidad': 'Consejo de Administración de la Sociedad Mercantil Estatal de Gestión Inmobiliaria de Patrimonio, M.P.S.A. (Segipsa)', 'estado': 'Publicado', 'cuantia': 722000}",entidad_tipo_estado_cuantia_superior
6457,Lista todos los contratos en anuncio previo de la Presidencia de la Diputación Provincial de Pontevedra.,SELECT * FROM expedientes JOIN entidades ON expedientes.party_nif = entidades.nif WHERE entidades.name = 'Presidencia de la Diputación Provincial de Pontevedra' AND expedientes.contract_folder_status = 'Anuncio Previo';,expedientes,"{'estado': 'Anuncio Previo', 'entidad': 'Presidencia de la Diputación Provincial de Pontevedra'}",entidad_estado
6641,¿Cuántas licitaciones resueltas hay en Instituto Cántabro de Estadística?,SELECT * FROM expedientes JOIN entidades ON expedientes.party_nif = entidades.nif WHERE entidades.name = 'Instituto Cántabro de Estadística' AND expedientes.contract_folder_status = 'Resuelto';,expedientes,"{'estado': 'Resuelto', 'entidad': 'Instituto Cántabro de Estadística'}",entidad_estado
6615,Enseña las licitaciones en evaluación de la Alcaldia del Ayuntamiento de Alcuéscar.,SELECT * FROM expedientes JOIN entidades ON expedientes.party_nif = entidades.nif WHERE entidades.name = 'Alcaldia del Ayuntamiento de Alcuéscar' AND expedientes.contract_folder_status = 'En evaluación';,expedientes,"{'estado': 'En evaluación', 'entidad': 'Alcaldia del Ayuntamiento de Alcuéscar'}",entidad_estado
6534,"Contratos en evaluación que gestiona el Rectorado de la Universidad de La Laguna, ¿tienes un listado?",SELECT * FROM expedientes JOIN entidades ON expedientes.party_nif = entidades.nif WHERE entidades.name = 'Rectorado de la Universidad de La Laguna' AND expedientes.contract_folder_status = 'En evaluación';,expedientes,"{'estado': 'En evaluación', 'entidad': 'Rectorado de la Universidad de La Laguna'}",entidad_estado
6455,Lista todos los contratos en anuncio previo de Dirección General LogiRail S.A..,SELECT * FROM expedientes JOIN entidades ON expedientes.party_nif = entidades.nif WHERE entidades.name = 'Dirección General LogiRail S.A.' AND expedientes.contract_folder_status = 'Anuncio Previo';,expedientes,"{'estado': 'Anuncio Previo', 'entidad': 'Dirección General LogiRail S.A.'}",entidad_estado
6574,Quiero ver todas las licitaciones de la Alcaldía del Ayuntamiento de El Molar con estado resuelto.,SELECT * FROM expedientes JOIN entidades ON expedientes.party_nif = entidades.nif WHERE entidades.name = 'Alcaldía del Ayuntamiento de El Molar' AND expedientes.contract_folder_status = 'Resuelto';,expedientes,"{'entidad': 'Alcaldía del Ayuntamiento de El Molar', 'estado': 'Resuelto'}",entidad_estado
9957,¿Podrías mostrarme los contratos de patrimonial con estado anuncio previo?,SELECT * FROM expedientes WHERE procurement_project_type_code = 'Patrimonial' AND contract_folder_status = 'Anuncio Previo';,expedientes,"{'tipo': 'Patrimonial', 'estado': 'Anuncio Previo'}",tipo_estado
10141,¿En qué situación se encuentran las licitaciones de patrimonial que están adjudicadas?,SELECT * FROM expedientes WHERE procurement_project_type_code = 'Patrimonial' AND contract_folder_status = 'Adjudicado';,expedientes,"{'tipo': 'Patrimonial', 'estado': 'Adjudicado'}",tipo_estado
10115,Busco licitaciones de concesión de servicios que se encuentren en anuncio previo.,SELECT * FROM expedientes WHERE procurement_project_type_code = 'Concesión de Servicios' AND contract_folder_status = 'Anuncio Previo';,expedientes,"{'tipo': 'Concesión de Servicios', 'estado': 'Anuncio Previo'}",tipo_estado
10034,Quiero ver los contratos de suministros con estado resuelto.,SELECT * FROM expedientes WHERE procurement_project_type_code = 'Suministros' AND contract_folder_status = 'Resuelto';,expedientes,"{'tipo': 'Suministros', 'estado': 'Resuelto'}",tipo_estado
9955,¿Podrías mostrarme los contratos de patrimonial con estado adjudicado?,SELECT * FROM expedientes WHERE procurement_project_type_code = 'Patrimonial' AND contract_folder_status = 'Adjudicado';,expedientes,"{'tipo': 'Patrimonial', 'estado': 'Adjudicado'}",tipo_estado
10074,¿Tienes información sobre licitaciones de servicios que estén adjudicados?,SELECT * FROM expedientes WHERE procurement_project_type_code = 'Servicios' AND contract_folder_status = 'Adjudicado';,expedientes,"{'tipo': 'Servicios', 'estado': 'Adjudicado'}",tipo_estado
10307,¿Tienes información sobre contratos de obras con cuantía menor a 315000€?,SELECT * FROM expedientes WHERE procurement_project_type_code = 'Obras' AND total_amount < 315000;,expedientes,"{'tipo': 'Obras', 'cuantia': 315000}",tipo_cuantia_inferior
10491,"Licitaciones de concesión de servicios, con montos inferiores a 629000€, ¿tienes un listado?",SELECT * FROM expedientes WHERE procurement_project_type_code = 'Concesión de Servicios' AND total_amount < 629000;,expedientes,"{'tipo': 'Concesión de Servicios', 'cuantia': 629000}",tipo_cuantia_inferior
10465,"Licitaciones de tipo privado, por debajo de 460000€, ¿puedes listarlas?",SELECT * FROM expedientes WHERE procurement_project_type_code = 'Privado' AND total_amount < 460000;,expedientes,"{'tipo': 'Privado', 'cuantia': 460000}",tipo_cuantia_inferior
10384,¿Podrías filtrar los contratos privados que no superen 125000€?,SELECT * FROM expedientes WHERE procurement_project_type_code = 'Privado' AND total_amount < 125000;,expedientes,"{'tipo': 'Privado', 'cuantia': 125000}",tipo_cuantia_inferior
10305,¿Tienes información sobre contratos de suministros con cuantía menor a 992000€?,SELECT * FROM expedientes WHERE procurement_project_type_code = 'Suministros' AND total_amount < 992000;,expedientes,"{'tipo': 'Suministros', 'cuantia': 992000}",tipo_cuantia_inferior
10424,Lista todas las licitaciones de obras que no excedan 55000€.,SELECT * FROM expedientes WHERE procurement_project_type_code = 'Obras' AND total_amount < 55000;,expedientes,"{'tipo': 'Obras', 'cuantia': 55000}",tipo_cuantia_inferior
10657,¿Tienes información sobre contratos de obras con cuantía mayor a 353000€?,SELECT * FROM expedientes WHERE procurement_project_type_code = 'Obras' AND total_amount > 353000;,expedientes,"{'tipo': 'Obras', 'cuantia': 353000}",tipo_cuantia_superior
10841,"Licitaciones de concesión de servicios, con montos superiores a 558000€, ¿tienes un listado?",SELECT * FROM expedientes WHERE procurement_project_type_code = 'Concesión de Servicios' AND total_amount > 558000;,expedientes,"{'tipo': 'Concesión de Servicios', 'cuantia': 558000}",tipo_cuantia_superior
10815,"Licitaciones de obras, por encima de 354000€, ¿puedes listarlas?",SELECT * FROM expedientes WHERE procurement_project_type_code = 'Obras' AND total_amount > 354000;,expedientes,"{'tipo': 'Obras', 'cuantia': 354000}",tipo_cuantia_superior
10734,¿Podrías filtrar los contratos de gestión de servicios públicos que excedan 33000€?,SELECT * FROM expedientes WHERE procurement_project_type_code = 'Gestión de Servicios Públicos' AND total_amount > 33000;,expedientes,"{'tipo': 'Gestión de Servicios Públicos', 'cuantia': 33000}",tipo_cuantia_superior
10655,¿Tienes información sobre contratos de concesión de servicios con cuantía mayor a 652000€?,SELECT * FROM expedientes WHERE procurement_project_type_code = 'Concesión de Servicios' AND total_amount > 652000;,expedientes,"{'tipo': 'Concesión de Servicios', 'cuantia': 652000}",tipo_cuantia_superior
10774,Lista todas las licitaciones de patrimonial que superen 730000€.,SELECT * FROM expedientes WHERE procurement_project_type_code = 'Patrimonial' AND total_amount > 730000;,expedientes,"{'tipo': 'Patrimonial', 'cuantia': 730000}",tipo_cuantia_superior
11007,Lista todos los contratos de obras que figuran como en evaluación y que no excedan 987000€.,SELECT * FROM expedientes WHERE procurement_project_type_code = 'Obras' AND contract_folder_status = 'En evaluación' AND total_amount < 987000;,expedientes,"{'tipo': 'Obras', 'estado': 'En evaluación', 'cuantia': 987000}",tipo_estado_cuantia_inferior
11191,"¿Cuántas licitaciones de gestión de servicios públicos, publicadas, están disponibles con cuantía inferior a 165000€?",SELECT * FROM expedientes WHERE procurement_project_type_code = 'Gestión de Servicios Públicos' AND contract_folder_status = 'Publicado' AND total_amount < 165000;,expedientes,"{'tipo': 'Gestión de Servicios Públicos', 'estado': 'Publicado', 'cuantia': 165000}",tipo_estado_cuantia_inferior
11165,"Enseña las licitaciones de gestión de servicios públicos, adjudicadas, con costes inferiores a 194000€.",SELECT * FROM expedientes WHERE procurement_project_type_code = 'Gestión de Servicios Públicos' AND contract_folder_status = 'Adjudicado' AND total_amount < 194000;,expedientes,"{'tipo': 'Gestión de Servicios Públicos', 'estado': 'Adjudicado', 'cuantia': 194000}",tipo_estado_cuantia_inferior
11084,"Contratos de servicios, publicados, bajo 55000€, ¿qué opciones hay?",SELECT * FROM expedientes WHERE procurement_project_type_code = 'Servicios' AND contract_folder_status = 'Publicado' AND total_amount < 55000;,expedientes,"{'tipo': 'Servicios', 'estado': 'Publicado', 'cuantia': 55000}",tipo_estado_cuantia_inferior
11005,Lista todos los contratos de suministros que figuran como adjudicados y que no excedan 906000€.,SELECT * FROM expedientes WHERE procurement_project_type_code = 'Suministros' AND contract_folder_status = 'Adjudicado' AND total_amount < 906000;,expedientes,"{'tipo': 'Suministros', 'estado': 'Adjudicado', 'cuantia': 906000}",tipo_estado_cuantia_inferior
11124,"Quiero ver todas las licitaciones de servicios, publicado, con presupuestos inferiores a 167000€.",SELECT * FROM expedientes WHERE procurement_project_type_code = 'Servicios' AND contract_folder_status = 'Publicado' AND total_amount < 167000;,expedientes,"{'tipo': 'Servicios', 'estado': 'Publicado', 'cuantia': 167000}",tipo_estado_cuantia_inferior
11357,Lista todos los contratos de obras que figuran como en evaluación y excedan 397000€.,SELECT * FROM expedientes WHERE procurement_project_type_code = 'Obras' AND contract_folder_status = 'En evaluación' AND total_amount > 397000;,expedientes,"{'tipo': 'Obras', 'estado': 'En evaluación', 'cuantia': 397000}",tipo_estado_cuantia_superior
11541,"¿Cuántas licitaciones de suministros, en evaluación, están disponibles con cuantía superior a 681000€?",SELECT * FROM expedientes WHERE procurement_project_type_code = 'Suministros' AND contract_folder_status = 'En evaluación' AND total_amount > 681000;,expedientes,"{'tipo': 'Suministros', 'estado': 'En evaluación', 'cuantia': 681000}",tipo_estado_cuantia_superior
11515,"Enseña las licitaciones de concesión de servicios, en evaluación, con costes superiores a 24000€.",SELECT * FROM expedientes WHERE procurement_project_type_code = 'Concesión de Servicios' AND contract_folder_status = 'En evaluación' AND total_amount > 24000;,expedientes,"{'tipo': 'Concesión de Servicios', 'estado': 'En evaluación', 'cuantia': 24000}",tipo_estado_cuantia_superior
11434,"Contratos de patrimonial, publicados, por encima de 520000€, ¿qué opciones hay?",SELECT * FROM expedientes WHERE procurement_project_type_code = 'Patrimonial' AND contract_folder_status = 'Publicado' AND total_amount > 520000;,expedientes,"{'tipo': 'Patrimonial', 'estado': 'Publicado', 'cuantia': 520000}",tipo_estado_cuantia_superior
11355,Lista todos los contratos de patrimonial que figuran como anuncio previo y excedan 432000€.,SELECT * FROM expedientes WHERE procurement_project_type_code = 'Patrimonial' AND contract_folder_status = 'Anuncio Previo' AND total_amount > 432000;,expedientes,"{'tipo': 'Patrimonial', 'estado': 'Anuncio Previo', 'cuantia': 432000}",tipo_estado_cuantia_superior
11474,"Quiero ver todas las licitaciones de patrimonial, en evaluación, con presupuestos superiores a 479000€.",SELECT * FROM expedientes WHERE procurement_project_type_code = 'Patrimonial' AND contract_folder_status = 'En evaluación' AND total_amount > 479000;,expedientes,"{'tipo': 'Patrimonial', 'estado': 'En evaluación', 'cuantia': 479000}",tipo_estado_cuantia_superior
11707,Lista todos los contratos en estado resuelto que no excedan 82000€.,SELECT * FROM expedientes WHERE contract_folder_status = 'Resuelto' AND total_amount < 82000;,expedientes,"{'estado': 'Resuelto', 'cuantia': 82000}",estado_cuantia_inferior
11891,¿Cuántas licitaciones publicadas hay disponibles con cuantía inferior a 53000€?,SELECT * FROM expedientes WHERE contract_folder_status = 'Publicado' AND total_amount < 53000;,expedientes,"{'estado': 'Publicado', 'cuantia': 53000}",estado_cuantia_inferior
11865,Enseña las licitaciones resueltas con costes inferiores a 531000€.,SELECT * FROM expedientes WHERE contract_folder_status = 'Resuelto' AND total_amount < 531000;,expedientes,"{'estado': 'Resuelto', 'cuantia': 531000}",estado_cuantia_inferior
11784,"Contratos resueltos bajo 353000€, ¿qué opciones hay?",SELECT * FROM expedientes WHERE contract_folder_status = 'Resuelto' AND total_amount < 353000;,expedientes,"{'estado': 'Resuelto', 'cuantia': 353000}",estado_cuantia_inferior
11705,Lista todos los contratos en estado resuelto que no excedan 818000€.,SELECT * FROM expedientes WHERE contract_folder_status = 'Resuelto' AND total_amount < 818000;,expedientes,"{'estado': 'Resuelto', 'cuantia': 818000}",estado_cuantia_inferior
11824,Quiero ver todas las licitaciones resueltas y que no sobrepasen 194000€.,SELECT * FROM expedientes WHERE contract_folder_status = 'Resuelto' AND total_amount < 194000;,expedientes,"{'estado': 'Resuelto', 'cuantia': 194000}",estado_cuantia_inferior
6807,Lista todos los contratos de Junta de Gobierno del Ayuntamiento de Torrelodones que no superen 316000€.,SELECT * FROM expedientes JOIN entidades ON expedientes.party_nif = entidades.nif WHERE entidades.name = 'Junta de Gobierno del Ayuntamiento de Torrelodones' AND expedientes.total_amount < 316000;,expedientes,"{'entidad': 'Junta de Gobierno del Ayuntamiento de Torrelodones', 'cuantia': 316000}",entidad_cuantia_inferior
6991,Muestra las licitaciones registradas en Alcaldía del Ayuntamiento de Aller con un importe menor a 316000€.,SELECT * FROM expedientes JOIN entidades ON expedientes.party_nif = entidades.nif WHERE entidades.name = 'Alcaldía del Ayuntamiento de Aller' AND expedientes.total_amount < 316000;,expedientes,"{'entidad': 'Alcaldía del Ayuntamiento de Aller', 'cuantia': 316000}",entidad_cuantia_inferior
6965,Filtra en Presidencia de la Mancomunitat de les Valls las licitaciones con un tope máximo de 566000€.,SELECT * FROM expedientes JOIN entidades ON expedientes.party_nif = entidades.nif WHERE entidades.name = 'Presidencia de la Mancomunitat de les Valls' AND expedientes.total_amount < 566000;,expedientes,"{'entidad': 'Presidencia de la Mancomunitat de les Valls', 'cuantia': 566000}",entidad_cuantia_inferior
6884,"Contratos de Sociedad Mercantil Estatal de Infraestructuras Agrarias, S.A. (SEIASA) por debajo de 306000€, ¿qué opciones hay?","SELECT * FROM expedientes JOIN entidades ON expedientes.party_nif = entidades.nif WHERE entidades.name = 'Sociedad Mercantil Estatal de Infraestructuras Agrarias, S.A. (SEIASA)' AND expedientes.total_amount < 306000;",expedientes,"{'entidad': 'Sociedad Mercantil Estatal de Infraestructuras Agrarias, S.A. (SEIASA)', 'cuantia': 306000}",entidad_cuantia_inferior
6805,Lista todos los contratos de la Junta de Gobierno del Ayuntamiento de Almería que no superen 906000€.,SELECT * FROM expedientes JOIN entidades ON expedientes.party_nif = entidades.nif WHERE entidades.name = 'Junta de Gobierno del Ayuntamiento de Almería' AND expedientes.total_amount < 906000;,expedientes,"{'entidad': 'Junta de Gobierno del Ayuntamiento de Almería', 'cuantia': 906000}",entidad_cuantia_inferior
6924,Quiero ver todas las licitaciones disponibles en Jefatura de Intendencia de Asuntos Económicos Sur por debajo de 167000€.,SELECT * FROM expedientes JOIN entidades ON expedientes.party_nif = entidades.nif WHERE entidades.name = 'Jefatura de Intendencia de Asuntos Económicos Sur' AND expedientes.total_amount < 167000;,expedientes,"{'entidad': 'Jefatura de Intendencia de Asuntos Económicos Sur', 'cuantia': 167000}",entidad_cuantia_inferior
6107,Lista todos los contratos de tipo privado relacionados con Alcaldia del Ayuntamiento de Palma del Río.,SELECT * FROM expedientes JOIN entidades ON expedientes.party_nif = entidades.nif WHERE entidades.name = 'Alcaldia del Ayuntamiento de Palma del Río' AND expedientes.procurement_project_type_code = 'Privado';,expedientes,"{'tipo': 'Privado', 'entidad': 'Alcaldia del Ayuntamiento de Palma del Río'}",entidad_tipo
6291,Muestra las licitaciones de suministros registradas en Consejo de Administración-Comité de Inversiones de la Sociedad Estatal Correos y Telégrafos S.A.,SELECT * FROM expedientes JOIN entidades ON expedientes.party_nif = entidades.nif WHERE entidades.name = 'Consejo de Administración-Comité de Inversiones de la Sociedad Estatal Correos y Telégrafos S.A' AND expedientes.procurement_project_type_code = 'Suministros';,expedientes,"{'tipo': 'Suministros', 'entidad': 'Consejo de Administración-Comité de Inversiones de la Sociedad Estatal Correos y Telégrafos S.A'}",entidad_tipo
6265,"Enseña las licitaciones de gestión de servicios públicos activas en Concejalía De Cultura, Juventud, Fiestas, Comunicación y Relaciones Institucionales, Participación Ciudadana y Turismo del Ayuntamiento de Granadilla de Abona.","SELECT * FROM expedientes JOIN entidades ON expedientes.party_nif = entidades.nif WHERE entidades.name = 'Concejalía De Cultura, Juventud, Fiestas, Comunicación y Relaciones Institucionales, Participación Ciudadana y Turismo del Ayuntamiento de Granadilla de Abona' AND expedientes.procurement_project_type_code = 'Gestión de Servicios Públicos';",expedientes,"{'tipo': 'Gestión de Servicios Públicos', 'entidad': 'Concejalía De Cultura, Juventud, Fiestas, Comunicación y Relaciones Institucionales, Participación Ciudadana y Turismo del Ayuntamiento de Granadilla de Abona'}",entidad_tipo
6184,"Contratos de servicios que lleva la Alcaldía del Ayuntamiento de El Molar, ¿tienes un listado?",SELECT * FROM expedientes JOIN entidades ON expedientes.party_nif = entidades.nif WHERE entidades.name = 'Alcaldía del Ayuntamiento de El Molar' AND expedientes.procurement_project_type_code = 'Servicios';,expedientes,"{'tipo': 'Servicios', 'entidad': 'Alcaldía del Ayuntamiento de El Molar'}",entidad_tipo
6105,Lista todos los contratos de gestión de servicios públicos relacionados con Pleno del Ayuntamiento de Cañizares.,SELECT * FROM expedientes JOIN entidades ON expedientes.party_nif = entidades.nif WHERE entidades.name = 'Pleno del Ayuntamiento de Cañizares' AND expedientes.procurement_project_type_code = 'Gestión de Servicios Públicos';,expedientes,"{'tipo': 'Gestión de Servicios Públicos', 'entidad': 'Pleno del Ayuntamiento de Cañizares'}",entidad_tipo
6224,Quiero ver todas las licitaciones de servicios gestionadas por Alcaldía del Ayuntamiento de San Roque.,SELECT * FROM expedientes JOIN entidades ON expedientes.party_nif = entidades.nif WHERE entidades.name = 'Alcaldía del Ayuntamiento de San Roque' AND expedientes.procurement_project_type_code = 'Servicios';,expedientes,"{'tipo': 'Servicios', 'entidad': 'Alcaldía del Ayuntamiento de San Roque'}",entidad_tipo
507,¿Cuáles son los contratos de la Dirección Ejecutiva de la Agencia Española de Seguridad Alimentaria y Nutrición?,SELECT * FROM expedientes JOIN entidades ON expedientes.party_nif = entidades.nif WHERE entidades.name = 'Dirección Ejecutiva de la Agencia Española de Seguridad Alimentaria y Nutrición';,expedientes,{'entidad': 'Dirección Ejecutiva de la Agencia Española de Seguridad Alimentaria y Nutrición'},entidad
691,Licitaciones de la Presidencia de la Mancomunidad de servicios del Valle Norte del Lozoya,SELECT * FROM expedientes JOIN entidades ON expedientes.party_nif = entidades.nif WHERE entidades.name = 'Presidencia de la Mancomunidad de Servicios del Valle Norte del Lozoya';,expedientes,{'entidad': 'Presidencia de la Mancomunidad de Servicios del Valle Norte del Lozoya'},entidad
665,Busco todas las licitaciones de la Gerencia de Ferrocarrils de la Generalitat Valenciana.,SELECT * FROM expedientes JOIN entidades ON expedientes.party_nif = entidades.nif WHERE entidades.name = 'Gerencia de Ferrocarrils de la Generalitat Valenciana';,expedientes,{'entidad': 'Gerencia de Ferrocarrils de la Generalitat Valenciana'},entidad
584,Contratos públicos de Dirección Económico Financiero de la Dirección General de Infraestructura. MDE.,SELECT * FROM expedientes JOIN entidades ON expedientes.party_nif = entidades.nif WHERE entidades.name = 'Dirección Económico Financiero de la Dirección General de Infraestructura. MDE';,expedientes,{'entidad': 'Dirección Económico Financiero de la Dirección General de Infraestructura. MDE'},entidad
505,¿Cuáles son los contratos de la Junta de Gobierno Local del Ayuntamiento de Alcalá de Guadaíra?,SELECT * FROM expedientes JOIN entidades ON expedientes.party_nif = entidades.nif WHERE entidades.name = 'Junta de Gobierno Local del Ayuntamiento de Alcalá de Guadaíra';,expedientes,{'entidad': 'Junta de Gobierno Local del Ayuntamiento de Alcalá de Guadaíra'},entidad
624,¿Cuáles son las licitaciones de la Alcaldía del Ayuntamiento de Tomares?,SELECT * FROM expedientes JOIN entidades ON expedientes.party_nif = entidades.nif WHERE entidades.name = 'Alcaldía del Ayuntamiento de Tomares';,expedientes,{'entidad': 'Alcaldía del Ayuntamiento de Tomares'},entidad
2957,Lista todos los contratos de Cantabria cuya cuantía no supere 520000€.,SELECT * FROM expedientes JOIN entidades ON expedientes.party_nif = entidades.nif JOIN regiones ON entidades.party_subentity_code = regiones.country_subentity_code WHERE regiones.country_subentity_name = 'Cantabria' AND expedientes.total_amount < 520000;,expedientes,"{'region': 'Cantabria', 'cuantia': 520000}",region_cuantia_inferior
3141,Solicito información de licitaciones en Girona que no superen 316000€.,SELECT * FROM expedientes JOIN entidades ON expedientes.party_nif = entidades.nif JOIN regiones ON entidades.party_subentity_code = regiones.country_subentity_code WHERE regiones.country_subentity_name = 'Girona' AND expedientes.total_amount < 316000;,expedientes,"{'region': 'Girona', 'cuantia': 316000}",region_cuantia_inferior
3115,Filtra en Noreste las licitaciones que estén por debajo de 608000€.,SELECT * FROM expedientes JOIN entidades ON expedientes.party_nif = entidades.nif JOIN regiones ON entidades.party_subentity_code = regiones.country_subentity_code WHERE regiones.country_subentity_name = 'Noreste' AND expedientes.total_amount < 608000;,expedientes,"{'region': 'Noreste', 'cuantia': 608000}",region_cuantia_inferior
3034,Contratos de Alicante/Alacant por debajo de 619000€,SELECT * FROM expedientes JOIN entidades ON expedientes.party_nif = entidades.nif JOIN regiones ON entidades.party_subentity_code = regiones.country_subentity_code WHERE regiones.country_subentity_name = 'Alicante/Alacant' AND expedientes.total_amount < 619000;,expedientes,"{'region': 'Alicante/Alacant', 'cuantia': 619000}",region_cuantia_inferior
2955,Lista todos los contratos de Gran Canaria cuya cuantía no supere 72000€.,SELECT * FROM expedientes JOIN entidades ON expedientes.party_nif = entidades.nif JOIN regiones ON entidades.party_subentity_code = regiones.country_subentity_code WHERE regiones.country_subentity_name = 'Gran Canaria' AND expedientes.total_amount < 72000;,expedientes,"{'region': 'Gran Canaria', 'cuantia': 72000}",region_cuantia_inferior
3074,Quiero ver todas las licitaciones disponibles en Este por debajo de 652000€.,SELECT * FROM expedientes JOIN entidades ON expedientes.party_nif = entidades.nif JOIN regiones ON entidades.party_subentity_code = regiones.country_subentity_code WHERE regiones.country_subentity_name = 'Este' AND expedientes.total_amount < 652000;,expedientes,"{'region': 'Este', 'cuantia': 652000}",region_cuantia_inferior
857,Muestra contratos de gestión de servicios públicos,SELECT * FROM expedientes WHERE procurement_project_type_code = 'Gestión de Servicios Públicos';,expedientes,{'tipo': 'Gestión de Servicios Públicos'},tipo
1041,Licitaciones de tipo privado,SELECT * FROM expedientes WHERE procurement_project_type_code = 'Privado';,expedientes,{'tipo': 'Privado'},tipo
1015,"Licitaciones de obras, ¿puedes listarlas?",SELECT * FROM expedientes WHERE procurement_project_type_code = 'Obras';,expedientes,{'tipo': 'Obras'},tipo
934,Enseña las licitaciones para contratos de tipo privado.,SELECT * FROM expedientes WHERE procurement_project_type_code = 'Privado';,expedientes,{'tipo': 'Privado'},tipo
855,Muestra contratos de suministros,SELECT * FROM expedientes WHERE procurement_project_type_code = 'Suministros';,expedientes,{'tipo': 'Suministros'},tipo
974,¿Qué licitaciones de concesión de servicios están registradas?,SELECT * FROM expedientes WHERE procurement_project_type_code = 'Concesión de Servicios';,expedientes,{'tipo': 'Concesión de Servicios'},tipo
1207,Muestra contratos publicados,SELECT * FROM expedientes WHERE contract_folder_status = 'Publicado';,expedientes,{'estado': 'Publicado'},estado
1391,Quiero contratos anuncio previo,SELECT * FROM expedientes WHERE contract_folder_status = 'Anuncio Previo';,expedientes,{'estado': 'Anuncio Previo'},estado
1365,"Licitaciones publicadas, ¿puedes listarlas?",SELECT * FROM expedientes WHERE contract_folder_status = 'Publicado';,expedientes,{'estado': 'Publicado'},estado
1284,Enseña las licitaciones para contratos publicados.,SELECT * FROM expedientes WHERE contract_folder_status = 'Publicado';,expedientes,{'estado': 'Publicado'},estado
1205,Muestra contratos adjudicados,SELECT * FROM expedientes WHERE contract_folder_status = 'Adjudicado';,expedientes,{'estado': 'Adjudicado'},estado
1324,¿Qué licitaciones en evaluación están registradas?,SELECT * FROM expedientes WHERE contract_folder_status = 'En evaluación';,expedientes,{'estado': 'En evaluación'},estado
1557,¿Cuáles son las licitaciones con una cuantía inferior a 573000€?,SELECT * FROM expedientes WHERE total_amount < 573000;,expedientes,{'cuantia': 573000},cuantia_inferior
1741,Licitaciones que no superan 818000€,SELECT * FROM expedientes WHERE total_amount < 818000;,expedientes,{'cuantia': 818000},cuantia_inferior
1715,Solicito información de licitaciones con una cuantía menor a 566000€.,SELECT * FROM expedientes WHERE total_amount < 566000;,expedientes,{'cuantia': 566000},cuantia_inferior
1634,Contratos de menos de 922000€.,SELECT * FROM expedientes WHERE total_amount < 922000;,expedientes,{'cuantia': 922000},cuantia_inferior
1555,¿Cuáles son las licitaciones con una cuantía inferior a 353000€?,SELECT * FROM expedientes WHERE total_amount < 353000;,expedientes,{'cuantia': 353000},cuantia_inferior
1674,¿Cuáles son las licitaciones con una cuantía de menos de 730000€?,SELECT * FROM expedientes WHERE total_amount < 730000;,expedientes,{'cuantia': 730000},cuantia_inferior
1907,¿Cuáles son los contratos con una cuantía mayor que 306000€?,SELECT * FROM expedientes WHERE total_amount > 306000;,expedientes,{'cuantia': 306000},cuantia_superior
2091,Licitaciones que exceden 24000€,SELECT * FROM expedientes WHERE total_amount > 24000;,expedientes,{'cuantia': 24000},cuantia_superior
2065,Solicito información de licitaciones con una cuantía mayor a 681000€.,SELECT * FROM expedientes WHERE total_amount > 681000;,expedientes,{'cuantia': 681000},cuantia_superior
1984,Contratatos de más de 632000€.,SELECT * FROM expedientes WHERE total_amount > 632000;,expedientes,{'cuantia': 632000},cuantia_superior
1905,¿Cuáles son los contratos con una cuantía mayor que 429000€?,SELECT * FROM expedientes WHERE total_amount > 429000;,expedientes,{'cuantia': 429000},cuantia_superior
2024,¿Cuáles son las licitaciones con una cuantía mayor que 832000€?,SELECT * FROM expedientes WHERE total_amount > 832000;,expedientes,{'cuantia': 832000},cuantia_superior
2257,Lista todos los contratos sobre concesión de servicios en Salamanca.,SELECT * FROM expedientes JOIN entidades ON expedientes.party_nif = entidades.nif JOIN regiones ON entidades.party_subentity_code = regiones.country_subentity_code WHERE regiones.country_subentity_name = 'Salamanca' AND expedientes.procurement_project_type_code = 'Concesión de Servicios';,expedientes,"{'tipo': 'Concesión de Servicios', 'region': 'Salamanca'}",region_tipo
2441,Muestra las licitaciones de obras divulgadas en Este.,SELECT * FROM expedientes JOIN entidades ON expedientes.party_nif = entidades.nif JOIN regiones ON entidades.party_subentity_code = regiones.country_subentity_code WHERE regiones.country_subentity_name = 'Este' AND expedientes.procurement_project_type_code = 'Obras';,expedientes,"{'tipo': 'Obras', 'region': 'Este'}",region_tipo
2415,Filtra en Centro (ES) las licitaciones de obras disponibles.,SELECT * FROM expedientes JOIN entidades ON expedientes.party_nif = entidades.nif JOIN regiones ON entidades.party_subentity_code = regiones.country_subentity_code WHERE regiones.country_subentity_name = 'Centro (ES)' AND expedientes.procurement_project_type_code = 'Obras';,expedientes,"{'region': 'Centro (ES)', 'tipo': 'Obras'}",region_tipo
2334,"Contratos de gestión de servicios públicos en Centro (ES), ¿puedes hacer un listado?",SELECT * FROM expedientes JOIN entidades ON expedientes.party_nif = entidades.nif JOIN regiones ON entidades.party_subentity_code = regiones.country_subentity_code WHERE regiones.country_subentity_name = 'Centro (ES)' AND expedientes.procurement_project_type_code = 'Gestión de Servicios Públicos';,expedientes,"{'tipo': 'Gestión de Servicios Públicos', 'region': 'Centro (ES)'}",region_tipo
2255,Lista todos los contratos sobre patrimonial en Comunitat Valenciana.,SELECT * FROM expedientes JOIN entidades ON expedientes.party_nif = entidades.nif JOIN regiones ON entidades.party_subentity_code = regiones.country_subentity_code WHERE regiones.country_subentity_name = 'Comunitat Valenciana' AND expedientes.procurement_project_type_code = 'Patrimonial';,expedientes,"{'tipo': 'Patrimonial', 'region': 'Comunitat Valenciana'}",region_tipo
2374,Quiero ver todas las licitaciones de servicios anunciadas en Pontevedra.,SELECT * FROM expedientes JOIN entidades ON expedientes.party_nif = entidades.nif JOIN regiones ON entidades.party_subentity_code = regiones.country_subentity_code WHERE regiones.country_subentity_name = 'Pontevedra' AND expedientes.procurement_project_type_code = 'Servicios';,expedientes,"{'tipo': 'Servicios', 'region': 'Pontevedra'}",region_tipo
2607,Lista todos los contratos con estado anuncio previo en Málaga.,SELECT * FROM expedientes JOIN entidades ON expedientes.party_nif = entidades.nif JOIN regiones ON entidades.party_subentity_code = regiones.country_subentity_code WHERE regiones.country_subentity_name = 'Málaga' AND expedientes.contract_folder_status = 'Anuncio Previo';,expedientes,"{'estado': 'Anuncio Previo', 'region': 'Málaga'}",region_estado
2791,Muestra las licitaciones en evaluación registradas en Castilla-La Mancha.,SELECT * FROM expedientes JOIN entidades ON expedientes.party_nif = entidades.nif JOIN regiones ON entidades.party_subentity_code = regiones.country_subentity_code WHERE regiones.country_subentity_name = 'Castilla-La Mancha' AND expedientes.contract_folder_status = 'En evaluación';,expedientes,"{'estado': 'En evaluación', 'region': 'Castilla-La Mancha'}",region_estado
2765,Filtra las licitaciones en evaluación de Toledo.,SELECT * FROM expedientes JOIN entidades ON expedientes.party_nif = entidades.nif JOIN regiones ON entidades.party_subentity_code = regiones.country_subentity_code WHERE regiones.country_subentity_name = 'Toledo' AND expedientes.contract_folder_status = 'En evaluación';,expedientes,"{'estado': 'En evaluación', 'region': 'Toledo'}",region_estado
2684,Contratos adjudicado de León,SELECT * FROM expedientes JOIN entidades ON expedientes.party_nif = entidades.nif JOIN regiones ON entidades.party_subentity_code = regiones.country_subentity_code WHERE regiones.country_subentity_name = 'León' AND expedientes.contract_folder_status = 'Adjudicado';,expedientes,"{'estado': 'Adjudicado', 'region': 'León'}",region_estado
2605,Lista todos los contratos con estado en evaluación en Alicante/Alacant.,SELECT * FROM expedientes JOIN entidades ON expedientes.party_nif = entidades.nif JOIN regiones ON entidades.party_subentity_code = regiones.country_subentity_code WHERE regiones.country_subentity_name = 'Alicante/Alacant' AND expedientes.contract_folder_status = 'En evaluación';,expedientes,"{'estado': 'En evaluación', 'region': 'Alicante/Alacant'}",region_estado
2724,Quiero ver todas las licitaciones de Córdoba con estado anuncio previo.,SELECT * FROM expedientes JOIN entidades ON expedientes.party_nif = entidades.nif JOIN regiones ON entidades.party_subentity_code = regiones.country_subentity_code WHERE regiones.country_subentity_name = 'Córdoba' AND expedientes.contract_folder_status = 'Anuncio Previo';,expedientes,"{'region': 'Córdoba', 'estado': 'Anuncio Previo'}",region_estado
3307,Lista todos los contratos de Granada cuya cuantía supere 566000€.,SELECT * FROM expedientes JOIN entidades ON expedientes.party_nif = entidades.nif JOIN regiones ON entidades.party_subentity_code = regiones.country_subentity_code WHERE regiones.country_subentity_name = 'Granada' AND expedientes.total_amount > 566000;,expedientes,"{'region': 'Granada', 'cuantia': 566000}",region_cuantia_superior
3491,Solicito información de licitaciones en Ciudad de Ceuta que excedan 652000€.,SELECT * FROM expedientes JOIN entidades ON expedientes.party_nif = entidades.nif JOIN regiones ON entidades.party_subentity_code = regiones.country_subentity_code WHERE regiones.country_subentity_name = 'Ciudad de Ceuta' AND expedientes.total_amount > 652000;,expedientes,"{'region': 'Ciudad de Ceuta', 'cuantia': 652000}",region_cuantia_superior
3465,Filtra en Palencia las licitaciones que estén por encima de 605000€.,SELECT * FROM expedientes JOIN entidades ON expedientes.party_nif = entidades.nif JOIN regiones ON entidades.party_subentity_code = regiones.country_subentity_code WHERE regiones.country_subentity_name = 'Palencia' AND expedientes.total_amount > 605000;,expedientes,"{'region': 'Palencia', 'cuantia': 605000}",region_cuantia_superior
3384,Contratos de Aragón por encima de 884000€,SELECT * FROM expedientes JOIN entidades ON expedientes.party_nif = entidades.nif JOIN regiones ON entidades.party_subentity_code = regiones.country_subentity_code WHERE regiones.country_subentity_name = 'Aragón' AND expedientes.total_amount > 884000;,expedientes,"{'region': 'Aragón', 'cuantia': 884000}",region_cuantia_superior
3305,Lista todos los contratos de Castilla y León cuya cuantía supere 899000€.,SELECT * FROM expedientes JOIN entidades ON expedientes.party_nif = entidades.nif JOIN regiones ON entidades.party_subentity_code = regiones.country_subentity_code WHERE regiones.country_subentity_name = 'Castilla y León' AND expedientes.total_amount > 899000;,expedientes,"{'region': 'Castilla y León', 'cuantia': 899000}",region_cuantia_superior
3424,Quiero ver todas las licitaciones disponibles en Castilla-La Mancha por encima de 478000€.,SELECT * FROM expedientes JOIN entidades ON expedientes.party_nif = entidades.nif JOIN regiones ON entidades.party_subentity_code = regiones.country_subentity_code WHERE regiones.country_subentity_name = 'Castilla-La Mancha' AND expedientes.total_amount > 478000;,expedientes,"{'region': 'Castilla-La Mancha', 'cuantia': 478000}",region_cuantia_superior
5757,Lista todos los contratos de gestión de servicios públicos en Guadalajara que estén en evaluación y tengan cuantía superior a 206000€.,SELECT * FROM expedientes JOIN entidades ON expedientes.party_nif = entidades.nif JOIN regiones ON entidades.party_subentity_code = regiones.country_subentity_code WHERE regiones.country_subentity_name = 'Guadalajara' AND expedientes.procurement_project_type_code = 'Gestión de Servicios Públicos' AND expedientes.contract_folder_status = 'En evaluación' AND expedientes.total_amount > 206000;,expedientes,"{'tipo': 'Gestión de Servicios Públicos', 'region': 'Guadalajara', 'estado': 'En evaluación', 'cuantia': 206000}",region_tipo_estado_cuantia_superior
5941,"¿Cuántas licitaciones de gestión de servicios públicos, adjudicadas, con cuantía superior a 478000€ hay disponibles en Fuerteventura?",SELECT * FROM expedientes JOIN entidades ON expedientes.party_nif = entidades.nif JOIN regiones ON entidades.party_subentity_code = regiones.country_subentity_code WHERE regiones.country_subentity_name = 'Fuerteventura' AND expedientes.procurement_project_type_code = 'Gestión de Servicios Públicos' AND expedientes.contract_folder_status = 'Adjudicado' AND expedientes.total_amount > 478000;,expedientes,"{'tipo': 'Gestión de Servicios Públicos', 'estado': 'Adjudicado', 'cuantia': 478000, 'region': 'Fuerteventura'}",region_tipo_estado_cuantia_superior
5915,"Enseña las licitaciones de tipo privado, publicadas, con cuantía superior a 354000€ registradas en Fuerteventura.",SELECT * FROM expedientes JOIN entidades ON expedientes.party_nif = entidades.nif JOIN regiones ON entidades.party_subentity_code = regiones.country_subentity_code WHERE regiones.country_subentity_name = 'Fuerteventura' AND expedientes.procurement_project_type_code = 'Privado' AND expedientes.contract_folder_status = 'Publicado' AND expedientes.total_amount > 354000;,expedientes,"{'tipo': 'Privado', 'estado': 'Publicado', 'cuantia': 354000, 'region': 'Fuerteventura'}",region_tipo_estado_cuantia_superior
5834,"Contratos de concesión de servicios, resuelto, en Burgos, por encima de 432000€, ¿qué hay?",SELECT * FROM expedientes JOIN entidades ON expedientes.party_nif = entidades.nif JOIN regiones ON entidades.party_subentity_code = regiones.country_subentity_code WHERE regiones.country_subentity_name = 'Burgos' AND expedientes.procurement_project_type_code = 'Concesión de Servicios' AND expedientes.contract_folder_status = 'Resuelto' AND expedientes.total_amount > 432000;,expedientes,"{'tipo': 'Concesión de Servicios', 'estado': 'Resuelto', 'region': 'Burgos', 'cuantia': 432000}",region_tipo_estado_cuantia_superior
5755,Lista todos los contratos de servicios en Comunitat Valenciana que estén anuncio previo y tengan cuantía superior a 560000€.,SELECT * FROM expedientes JOIN entidades ON expedientes.party_nif = entidades.nif JOIN regiones ON entidades.party_subentity_code = regiones.country_subentity_code WHERE regiones.country_subentity_name = 'Comunitat Valenciana' AND expedientes.procurement_project_type_code = 'Servicios' AND expedientes.contract_folder_status = 'Anuncio Previo' AND expedientes.total_amount > 560000;,expedientes,"{'tipo': 'Servicios', 'region': 'Comunitat Valenciana', 'estado': 'Anuncio Previo', 'cuantia': 560000}",region_tipo_estado_cuantia_superior
5874,"Quiero ver todas las licitaciones de patrimonial en Canarias, con estado anuncio previo, por encima de 193000€.",SELECT * FROM expedientes JOIN entidades ON expedientes.party_nif = entidades.nif JOIN regiones ON entidades.party_subentity_code = regiones.country_subentity_code WHERE regiones.country_subentity_name = 'Canarias' AND expedientes.procurement_project_type_code = 'Patrimonial' AND expedientes.contract_folder_status = 'Anuncio Previo' AND expedientes.total_amount > 193000;,expedientes,"{'tipo': 'Patrimonial', 'region': 'Canarias', 'estado': 'Anuncio Previo', 'cuantia': 193000}",region_tipo_estado_cuantia_superior
3657,Lista todos los contratos de patrimonial con estado adjudicado de la Comunidad de Madrid.,SELECT * FROM expedientes JOIN entidades ON expedientes.party_nif = entidades.nif JOIN regiones ON entidades.party_subentity_code = regiones.country_subentity_code WHERE regiones.country_subentity_name = 'Comunidad de Madrid' AND expedientes.procurement_project_type_code = 'Patrimonial' AND expedientes.contract_folder_status = 'Adjudicado';,expedientes,"{'tipo': 'Patrimonial', 'estado': 'Adjudicado', 'region': 'Comunidad de Madrid'}",region_tipo_estado
3841,¿Cuántas licitaciones de obras publicado hay disponibles en León?,SELECT * FROM expedientes JOIN entidades ON expedientes.party_nif = entidades.nif JOIN regiones ON entidades.party_subentity_code = regiones.country_subentity_code WHERE regiones.country_subentity_name = 'León' AND expedientes.procurement_project_type_code = 'Obras' AND expedientes.contract_folder_status = 'Publicado';,expedientes,"{'tipo': 'Obras', 'estado': 'Publicado', 'region': 'León'}",region_tipo_estado
3815,Enseña las licitaciones de concesión de servicios en evaluación registradas en Huesca.,SELECT * FROM expedientes JOIN entidades ON expedientes.party_nif = entidades.nif JOIN regiones ON entidades.party_subentity_code = regiones.country_subentity_code WHERE regiones.country_subentity_name = 'Huesca' AND expedientes.procurement_project_type_code = 'Concesión de Servicios' AND expedientes.contract_folder_status = 'En evaluación';,expedientes,"{'tipo': 'Concesión de Servicios', 'estado': 'En evaluación', 'region': 'Huesca'}",region_tipo_estado
3734,"Contratos de obras en Murcia con estado resuelto, ¿qué hay?",SELECT * FROM expedientes JOIN entidades ON expedientes.party_nif = entidades.nif JOIN regiones ON entidades.party_subentity_code = regiones.country_subentity_code WHERE regiones.country_subentity_name = 'Murcia' AND expedientes.procurement_project_type_code = 'Obras' AND expedientes.contract_folder_status = 'Resuelto';,expedientes,"{'tipo': 'Obras', 'region': 'Murcia', 'estado': 'Resuelto'}",region_tipo_estado
3655,Lista todos los contratos de concesión de servicios en evaluación de Cuenca.,SELECT * FROM expedientes JOIN entidades ON expedientes.party_nif = entidades.nif JOIN regiones ON entidades.party_subentity_code = regiones.country_subentity_code WHERE regiones.country_subentity_name = 'Cuenca' AND expedientes.procurement_project_type_code = 'Concesión de Servicios' AND expedientes.contract_folder_status = 'En evaluación';,expedientes,"{'tipo': 'Concesión de Servicios', 'estado': 'En evaluación', 'region': 'Cuenca'}",region_tipo_estado
3774,Quiero ver todas las licitaciones de patrimonial disponibles en Melilla que estén en anuncio previo.,SELECT * FROM expedientes JOIN entidades ON expedientes.party_nif = entidades.nif JOIN regiones ON entidades.party_subentity_code = regiones.country_subentity_code WHERE regiones.country_subentity_name = 'Melilla' AND expedientes.procurement_project_type_code = 'Patrimonial' AND expedientes.contract_folder_status = 'Anuncio Previo';,expedientes,"{'tipo': 'Patrimonial', 'region': 'Melilla', 'estado': 'Anuncio Previo'}",region_tipo_estado
4007,Lista todos los contratos de suministros en Galicia con cuantía inferior a 832000€.,SELECT * FROM expedientes JOIN entidades ON expedientes.party_nif = entidades.nif JOIN regiones ON entidades.party_subentity_code = regiones.country_subentity_code WHERE regiones.country_subentity_name = 'Galicia' AND expedientes.procurement_project_type_code = 'Suministros' AND expedientes.total_amount < 832000;,expedientes,"{'tipo': 'Suministros', 'region': 'Galicia', 'cuantia': 832000}",region_tipo_cuantia_inferior
4191,¿Cuántas licitaciones de suministros con cuantía inferior a 838000€ hay disponibles en Málaga?,SELECT * FROM expedientes JOIN entidades ON expedientes.party_nif = entidades.nif JOIN regiones ON entidades.party_subentity_code = regiones.country_subentity_code WHERE regiones.country_subentity_name = 'Málaga' AND expedientes.procurement_project_type_code = 'Suministros' AND expedientes.total_amount < 838000;,expedientes,"{'tipo': 'Suministros', 'cuantia': 838000, 'region': 'Málaga'}",region_tipo_cuantia_inferior
4165,Enseña las licitaciones de tipo privado con cuantía inferior a 353000€ registradas en Bizkaia.,SELECT * FROM expedientes JOIN entidades ON expedientes.party_nif = entidades.nif JOIN regiones ON entidades.party_subentity_code = regiones.country_subentity_code WHERE regiones.country_subentity_name = 'Bizkaia' AND expedientes.procurement_project_type_code = 'Privado' AND expedientes.total_amount < 353000;,expedientes,"{'tipo': 'Privado', 'cuantia': 353000, 'region': 'Bizkaia'}",region_tipo_cuantia_inferior
4084,"Contratos de patrimonial en Lanzarote por debajo de 306000€, ¿qué hay?",SELECT * FROM expedientes JOIN entidades ON expedientes.party_nif = entidades.nif JOIN regiones ON entidades.party_subentity_code = regiones.country_subentity_code WHERE regiones.country_subentity_name = 'Lanzarote' AND expedientes.procurement_project_type_code = 'Patrimonial' AND expedientes.total_amount < 306000;,expedientes,"{'tipo': 'Patrimonial', 'region': 'Lanzarote', 'cuantia': 306000}",region_tipo_cuantia_inferior
4005,Lista todos los contratos de tipo privado en Bizkaia con cuantía inferior a 460000€.,SELECT * FROM expedientes JOIN entidades ON expedientes.party_nif = entidades.nif JOIN regiones ON entidades.party_subentity_code = regiones.country_subentity_code WHERE regiones.country_subentity_name = 'Bizkaia' AND expedientes.procurement_project_type_code = 'Privado' AND expedientes.total_amount < 460000;,expedientes,"{'tipo': 'Privado', 'region': 'Bizkaia', 'cuantia': 460000}",region_tipo_cuantia_inferior
4124,Quiero ver todas las licitaciones de servicios disponibles en Madrid que estén por debajo de 844000€.,SELECT * FROM expedientes JOIN entidades ON expedientes.party_nif = entidades.nif JOIN regiones ON entidades.party_subentity_code = regiones.country_subentity_code WHERE regiones.country_subentity_name = 'Madrid' AND expedientes.procurement_project_type_code = 'Servicios' AND expedientes.total_amount < 844000;,expedientes,"{'tipo': 'Servicios', 'region': 'Madrid', 'cuantia': 844000}",region_tipo_cuantia_inferior
4357,Lista todos los contratos de gestión de servicios públicos en La Palma con cuantía superior a 479000€.,SELECT * FROM expedientes JOIN entidades ON expedientes.party_nif = entidades.nif JOIN regiones ON entidades.party_subentity_code = regiones.country_subentity_code WHERE regiones.country_subentity_name = 'La Palma' AND expedientes.procurement_project_type_code = 'Gestión de Servicios Públicos' AND expedientes.total_amount > 479000;,expedientes,"{'tipo': 'Gestión de Servicios Públicos', 'region': 'La Palma', 'cuantia': 479000}",region_tipo_cuantia_superior
4541,¿Cuántas licitaciones de servicios con cuantía superior a 464000€ hay disponibles en Extremadura?,SELECT * FROM expedientes JOIN entidades ON expedientes.party_nif = entidades.nif JOIN regiones ON entidades.party_subentity_code = regiones.country_subentity_code WHERE regiones.country_subentity_name = 'Extremadura' AND expedientes.procurement_project_type_code = 'Servicios' AND expedientes.total_amount > 464000;,expedientes,"{'tipo': 'Servicios', 'cuantia': 464000, 'region': 'Extremadura'}",region_tipo_cuantia_superior
4515,Enseña las licitaciones de suministros con cuantía superior a 24000€ registradas en Albacete.,SELECT * FROM expedientes JOIN entidades ON expedientes.party_nif = entidades.nif JOIN regiones ON entidades.party_subentity_code = regiones.country_subentity_code WHERE regiones.country_subentity_name = 'Albacete' AND expedientes.procurement_project_type_code = 'Suministros' AND expedientes.total_amount > 24000;,expedientes,"{'tipo': 'Suministros', 'cuantia': 24000, 'region': 'Albacete'}",region_tipo_cuantia_superior
4434,"Contratos de servicios en Segovia por encima de 33000€, ¿qué hay?",SELECT * FROM expedientes JOIN entidades ON expedientes.party_nif = entidades.nif JOIN regiones ON entidades.party_subentity_code = regiones.country_subentity_code WHERE regiones.country_subentity_name = 'Segovia' AND expedientes.procurement_project_type_code = 'Servicios' AND expedientes.total_amount > 33000;,expedientes,"{'tipo': 'Servicios', 'region': 'Segovia', 'cuantia': 33000}",region_tipo_cuantia_superior
4355,Lista todos los contratos de obras en Galicia con cuantía superior a 752000€.,SELECT * FROM expedientes JOIN entidades ON expedientes.party_nif = entidades.nif JOIN regiones ON entidades.party_subentity_code = regiones.country_subentity_code WHERE regiones.country_subentity_name = 'Galicia' AND expedientes.procurement_project_type_code = 'Obras' AND expedientes.total_amount > 752000;,expedientes,"{'tipo': 'Obras', 'region': 'Galicia', 'cuantia': 752000}",region_tipo_cuantia_superior
4474,Quiero ver todas las licitaciones de concesión de servicios disponibles en Castilla-La Mancha que estén por encima de 315000€.,SELECT * FROM expedientes JOIN entidades ON expedientes.party_nif = entidades.nif JOIN regiones ON entidades.party_subentity_code = regiones.country_subentity_code WHERE regiones.country_subentity_name = 'Castilla-La Mancha' AND expedientes.procurement_project_type_code = 'Concesión de Servicios' AND expedientes.total_amount > 315000;,expedientes,"{'tipo': 'Concesión de Servicios', 'region': 'Castilla-La Mancha', 'cuantia': 315000}",region_tipo_cuantia_superior
4707,Lista todos los contratos de Soria que estén resueltos y tengan cuantía inferior a 359000€.,SELECT * FROM expedientes JOIN entidades ON expedientes.party_nif = entidades.nif JOIN regiones ON entidades.party_subentity_code = regiones.country_subentity_code WHERE regiones.country_subentity_name = 'Soria' AND expedientes.contract_folder_status = 'Resuelto' AND expedientes.total_amount < 359000;,expedientes,"{'region': 'Soria', 'estado': 'Resuelto', 'cuantia': 359000}",region_estado_cuantia_inferior
4891,¿Cuántas licitaciones adjudicado hay con cuantía inferior a 490000€ en Ciudad de Ceuta?,SELECT * FROM expedientes JOIN entidades ON expedientes.party_nif = entidades.nif JOIN regiones ON entidades.party_subentity_code = regiones.country_subentity_code WHERE regiones.country_subentity_name = 'Ciudad de Ceuta' AND expedientes.contract_folder_status = 'Adjudicado' AND expedientes.total_amount < 490000;,expedientes,"{'estado': 'Adjudicado', 'cuantia': 490000, 'region': 'Ciudad de Ceuta'}",region_estado_cuantia_inferior
4865,Enseña las licitaciones con estado anuncio previo y cuantía inferior a 562000€ registradas en Extremadura.,SELECT * FROM expedientes JOIN entidades ON expedientes.party_nif = entidades.nif JOIN regiones ON entidades.party_subentity_code = regiones.country_subentity_code WHERE regiones.country_subentity_name = 'Extremadura' AND expedientes.contract_folder_status = 'Anuncio Previo' AND expedientes.total_amount < 562000;,expedientes,"{'estado': 'Anuncio Previo', 'cuantia': 562000, 'region': 'Extremadura'}",region_estado_cuantia_inferior
4784,"Contratos adjudicado en Burgos, por debajo de 992000€, ¿qué hay?",SELECT * FROM expedientes JOIN entidades ON expedientes.party_nif = entidades.nif JOIN regiones ON entidades.party_subentity_code = regiones.country_subentity_code WHERE regiones.country_subentity_name = 'Burgos' AND expedientes.contract_folder_status = 'Adjudicado' AND expedientes.total_amount < 992000;,expedientes,"{'estado': 'Adjudicado', 'region': 'Burgos', 'cuantia': 992000}",region_estado_cuantia_inferior
4705,Lista todos los contratos de Illes Balears que estén adjudicados y tengan cuantía inferior a 978000€.,SELECT * FROM expedientes JOIN entidades ON expedientes.party_nif = entidades.nif JOIN regiones ON entidades.party_subentity_code = regiones.country_subentity_code WHERE regiones.country_subentity_name = 'Illes Balears' AND expedientes.contract_folder_status = 'Adjudicado' AND expedientes.total_amount < 978000;,expedientes,"{'region': 'Illes Balears', 'estado': 'Adjudicado', 'cuantia': 978000}",region_estado_cuantia_inferior
4824,"Quiero ver todas las licitaciones disponibles en Cataluña, con estado anuncio previo, por debajo de 520000€.",SELECT * FROM expedientes JOIN entidades ON expedientes.party_nif = entidades.nif JOIN regiones ON entidades.party_subentity_code = regiones.country_subentity_code WHERE regiones.country_subentity_name = 'Cataluña' AND expedientes.contract_folder_status = 'Anuncio Previo' AND expedientes.total_amount < 520000;,expedientes,"{'region': 'Cataluña', 'estado': 'Anuncio Previo', 'cuantia': 520000}",region_estado_cuantia_inferior
5057,Lista todos los contratos de Murcia que estén adjudicados y tengan cuantía superior a 730000€.,SELECT * FROM expedientes JOIN entidades ON expedientes.party_nif = entidades.nif JOIN regiones ON entidades.party_subentity_code = regiones.country_subentity_code WHERE regiones.country_subentity_name = 'Murcia' AND expedientes.contract_folder_status = 'Adjudicado' AND expedientes.total_amount > 730000;,expedientes,"{'region': 'Murcia', 'estado': 'Adjudicado', 'cuantia': 730000}",region_estado_cuantia_superior
5241,¿Cuántas licitaciones publicadas hay con cuantía superior a 24000€ en Girona?,SELECT * FROM expedientes JOIN entidades ON expedientes.party_nif = entidades.nif JOIN regiones ON entidades.party_subentity_code = regiones.country_subentity_code WHERE regiones.country_subentity_name = 'Girona' AND expedientes.contract_folder_status = 'Publicado' AND expedientes.total_amount > 24000;,expedientes,"{'estado': 'Publicado', 'cuantia': 24000, 'region': 'Girona'}",region_estado_cuantia_superior
5215,Enseña las licitaciones con estado adjudicado y cuantía superior a 24000€ registradas en Segovia.,SELECT * FROM expedientes JOIN entidades ON expedientes.party_nif = entidades.nif JOIN regiones ON entidades.party_subentity_code = regiones.country_subentity_code WHERE regiones.country_subentity_name = 'Segovia' AND expedientes.contract_folder_status = 'Adjudicado' AND expedientes.total_amount > 24000;,expedientes,"{'estado': 'Adjudicado', 'cuantia': 24000, 'region': 'Segovia'}",region_estado_cuantia_superior
5134,"Contratos adjudicados en Salamanca, por encima de 842000€, ¿qué hay?",SELECT * FROM expedientes JOIN entidades ON expedientes.party_nif = entidades.nif JOIN regiones ON entidades.party_subentity_code = regiones.country_subentity_code WHERE regiones.country_subentity_name = 'Salamanca' AND expedientes.contract_folder_status = 'Adjudicado' AND expedientes.total_amount > 842000;,expedientes,"{'estado': 'Adjudicado', 'region': 'Salamanca', 'cuantia': 842000}",region_estado_cuantia_superior
5055,Lista todos los contratos de Ciudad Real que estén en anuncio previo y tengan cuantía superior a 530000€.,SELECT * FROM expedientes JOIN entidades ON expedientes.party_nif = entidades.nif JOIN regiones ON entidades.party_subentity_code = regiones.country_subentity_code WHERE regiones.country_subentity_name = 'Ciudad Real' AND expedientes.contract_folder_status = 'Anuncio Previo' AND expedientes.total_amount > 530000;,expedientes,"{'region': 'Ciudad Real', 'estado': 'Anuncio Previo', 'cuantia': 530000}",region_estado_cuantia_superior
5174,"Quiero ver todas las licitaciones disponibles en Murcia, con estado en evaluación, por encima de 194000€.",SELECT * FROM expedientes JOIN entidades ON expedientes.party_nif = entidades.nif JOIN regiones ON entidades.party_subentity_code = regiones.country_subentity_code WHERE regiones.country_subentity_name = 'Murcia' AND expedientes.contract_folder_status = 'En evaluación' AND expedientes.total_amount > 194000;,expedientes,"{'region': 'Murcia', 'estado': 'En evaluación', 'cuantia': 194000}",region_estado_cuantia_superior
5407,Lista todos los contratos de tipo privado en Mallorca que estén adjudicados y tengan cuantía inferior a 206000€.,SELECT * FROM expedientes JOIN entidades ON expedientes.party_nif = entidades.nif JOIN regiones ON entidades.party_subentity_code = regiones.country_subentity_code WHERE regiones.country_subentity_name = 'Mallorca' AND expedientes.procurement_project_type_code = 'Privado' AND expedientes.contract_folder_status = 'Adjudicado' AND expedientes.total_amount < 206000;,expedientes,"{'tipo': 'Privado', 'region': 'Mallorca', 'estado': 'Adjudicado', 'cuantia': 206000}",region_tipo_estado_cuantia_inferior
5591,"¿Cuántas licitaciones de obras, resueltas, con cuantía inferior a 432000€ hay disponibles en Burgos?",SELECT * FROM expedientes JOIN entidades ON expedientes.party_nif = entidades.nif JOIN regiones ON entidades.party_subentity_code = regiones.country_subentity_code WHERE regiones.country_subentity_name = 'Burgos' AND expedientes.procurement_project_type_code = 'Obras' AND expedientes.contract_folder_status = 'Resuelto' AND expedientes.total_amount < 432000;,expedientes,"{'tipo': 'Obras', 'estado': 'Resuelto', 'cuantia': 432000, 'region': 'Burgos'}",region_tipo_estado_cuantia_inferior
5565,"Enseña las licitaciones de gestión de servicios públicos, adjudicado, con cuantía inferior a 354000€ registradas en Sevilla.",SELECT * FROM expedientes JOIN entidades ON expedientes.party_nif = entidades.nif JOIN regiones ON entidades.party_subentity_code = regiones.country_subentity_code WHERE regiones.country_subentity_name = 'Sevilla' AND expedientes.procurement_project_type_code = 'Gestión de Servicios Públicos' AND expedientes.contract_folder_status = 'Adjudicado' AND expedientes.total_amount < 354000;,expedientes,"{'tipo': 'Gestión de Servicios Públicos', 'estado': 'Adjudicado', 'cuantia': 354000, 'region': 'Sevilla'}",region_tipo_estado_cuantia_inferior
5484,"Contratos de servicios, anuncio previo, en Almería, por debajo de 274000€, ¿qué hay?",SELECT * FROM expedientes JOIN entidades ON expedientes.party_nif = entidades.nif JOIN regiones ON entidades.party_subentity_code = regiones.country_subentity_code WHERE regiones.country_subentity_name = 'Almería' AND expedientes.procurement_project_type_code = 'Servicios' AND expedientes.contract_folder_status = 'Anuncio Previo' AND expedientes.total_amount < 274000;,expedientes,"{'tipo': 'Servicios', 'estado': 'Anuncio Previo', 'region': 'Almería', 'cuantia': 274000}",region_tipo_estado_cuantia_inferior
5405,Lista todos los contratos de obras en Teruel que estén adjudicados y tengan cuantía inferior a 24000€.,SELECT * FROM expedientes JOIN entidades ON expedientes.party_nif = entidades.nif JOIN regiones ON entidades.party_subentity_code = regiones.country_subentity_code WHERE regiones.country_subentity_name = 'Teruel' AND expedientes.procurement_project_type_code = 'Obras' AND expedientes.contract_folder_status = 'Adjudicado' AND expedientes.total_amount < 24000;,expedientes,"{'tipo': 'Obras', 'region': 'Teruel', 'estado': 'Adjudicado', 'cuantia': 24000}",region_tipo_estado_cuantia_inferior
5524,"Quiero ver todas las licitaciones de obras en Comunidad Foral de Navarra, con estado en evaluación, por debajo de 884000€.",SELECT * FROM expedientes JOIN entidades ON expedientes.party_nif = entidades.nif JOIN regiones ON entidades.party_subentity_code = regiones.country_subentity_code WHERE regiones.country_subentity_name = 'Comunidad Foral de Navarra' AND expedientes.procurement_project_type_code = 'Obras' AND expedientes.contract_folder_status = 'En evaluación' AND expedientes.total_amount < 884000;,expedientes,"{'tipo': 'Obras', 'region': 'Comunidad Foral de Navarra', 'estado': 'En evaluación', 'cuantia': 884000}",region_tipo_estado_cuantia_inferior
12057,Lista todos los contratos en estado adjudicado que superen los 63000€.,SELECT * FROM expedientes WHERE contract_folder_status = 'Adjudicado' AND total_amount > 63000;,expedientes,"{'estado': 'Adjudicado', 'cuantia': 63000}",estado_cuantia_superior
12241,¿Cuántas licitaciones adjudicadas hay disponibles con cuantía superior a 464000€?,SELECT * FROM expedientes WHERE contract_folder_status = 'Adjudicado' AND total_amount > 464000;,expedientes,"{'estado': 'Adjudicado', 'cuantia': 464000}",estado_cuantia_superior
12215,Enseña las licitaciones adjudicadas con costes superiores a 722000€.,SELECT * FROM expedientes WHERE contract_folder_status = 'Adjudicado' AND total_amount > 722000;,expedientes,"{'estado': 'Adjudicado', 'cuantia': 722000}",estado_cuantia_superior
12134,"Contratos en anuncio previo sobre 959000€, ¿qué opciones hay?",SELECT * FROM expedientes WHERE contract_folder_status = 'Anuncio Previo' AND total_amount > 959000;,expedientes,"{'estado': 'Anuncio Previo', 'cuantia': 959000}",estado_cuantia_superior
12055,Lista todos los contratos en evaluación que superen 490000€.,SELECT * FROM expedientes WHERE contract_folder_status = 'En evaluación' AND total_amount > 490000;,expedientes,"{'estado': 'En evaluación', 'cuantia': 490000}",estado_cuantia_superior
12174,Quiero ver todas las licitaciones que permanezcan en anuncio previo y tengan importes superiores a 459000€.,SELECT * FROM expedientes WHERE contract_folder_status = 'Anuncio Previo' AND total_amount > 459000;,expedientes,"{'estado': 'Anuncio Previo', 'cuantia': 459000}",estado_cuantia_superior
